channel_id,title,description,subscriber_count,video_count,view_count,topics
UCf1XIplYiqNv9baGsFHwPPQ,WildLens by Abrar,"I'm Abrar Hassan, travel vlogger Riding around the world on my Motorcycle.
For Business Inquiries only:
Business@Wildlensbyabrar.com",1810000,516,364344009,"Tourism,Lifestyle_(sociology),Vehicle"
UCwTrHPEglCkDz54iSg9ss9Q,kanalgratisdotse,"Check out our other channels:
@kanalgratisdotfr 🇫🇷
@kanalgratisdotde 🇩🇪
@kanalgratisdotnl 🇳🇱
@kanalgratisdotes 🇪🇸
@kanalgratisdotcom 🇺🇸

Welcome to kanalgratisdotse - the largest angling devoted channel in Scandinavia!

We are a YouTube-channel all about fishing. Pike fishing, fly fishing, sea fishing, coarse fishing - you name it. We are just as passionate about fishing as we are about filming and our goal is to give you the best fishing films on YouTube. 

New videos every week. Subscribe and stay tuned for more free high quality fishing films online!",380000,1519,159906550,"Hobby,Lifestyle_(sociology),Pet"
UC_x_0w8z3tgPSSctfJR0lNQ,eeddspeaks,"Spontaaneja videoita minua kiinnostavista asioista ja elämyksistä sekä tietysti hauskanpitoa tubekaverien kanssa!

CONTACT ME!
s-postin saat esille kun klikkaat kaupalliset tiedustelut ruutua :)

SOMET:
SNAPCHAT: eeddspeaks
Instagram: http://instagram.com/eeddspeaks
Facebook: http://facebook.com/eeddspeaks
Twitter: http://twitter.com/eeddspeaks
TikTok: https://tiktok.com/@eeddspeaks

Kaupalliset tiedustelut sähköpostin kautta.",342000,795,85654630,"Food,Lifestyle_(sociology),Technology"
UCxl_etcRcrFMYul-5N0u1Mg,Talasbuan,"Not far from the edge of the mountain, lies Talasbuan fäbod. For about 80 years it stood empty before we decided to give new life to the old place. The area has been a place filled with fäbodar and throughout the years the cowbells have chimed through these forests. 

The 1st of February 2017 we published our first vlog, and have been making them since. We can combine Mathias love for filming and photo with all our projects and our wish to show people what we are doing and thinking. 

Welcome to join us on our journey,

Tova and Mathias



Interact with us on other platforms ↓
",277000,170,29841054,"Lifestyle_(sociology),Hobby"
UCfMgKSxyQ9KnbjY6L6JKKiQ,Erik Normark,"Nature and outdoor videos made by Erik Normark. I live in the northern part of Sweden, where I spend as much time as I can out in the free nature, in all seasons, in every weather. Welcome to explore the quiet atmosphere in my videos. I hope you will enjoy them!

Erik",177000,286,30125484,"Tourism,Lifestyle_(sociology),Hobby"
UCieggFQROU2nu5fXmevY21A,Vinkare,"Tervetuloa Vinkareen kanavalle! Tälle kanavalle ilmestyy monipuolista sisältöä omasta elämästäni! Pidän valokuvaamisesta, videokuvaamisesta, matkailusta ja eläimistä. Innostun herkästi myös kaikesta elektroniikasta ja välillä testailen tuotteita videoiden muodossa. 

Seuraa Somessa!
twitter: https://twitter.com/kankareville
ig: http://instagram.com/kankareville
facebook: https://www.facebook.com/Krouppi
Twitch: https://go.twitch.tv/vinkare

CONTACT / yhteydenotot:
groupblogshow@gmail.com",176000,617,58212773,"Food,Lifestyle_(sociology)"
UC_LvdhPHtldPWK497H39qxA,Dave Cad,"Hi! I'm Dave Cad. I'm a British guy living in Helsinki with my wife Cat and son Leo. I'm just living life and having fun along the way. Why not join me on my adventures!

Follow me on Instagram: https://www.instagram.com/dave.cad",165000,458,44172893,"Entertainment,Lifestyle_(sociology),Food"
UCsSIwgydxLs24ei6WxExEBg,Biisonimafia Adventure,This is Kaitsu's World. Awesomeness lives here!,138000,1082,56259882,"Lifestyle_(sociology),Hobby"
UCoPDxZ-Nq_v8l1ktU98SzEQ,Leo Kast,"Auf meinem YouTube Kanal teile ich mit euch meine Erlebnisse und Erfahrungen auf und mit dem MTB. Ich schraube gerne an meinen Bikes und deshalb findet ihr hier auch einige Tutorials mit nützlichen Tipps und Tricks. Zu all meinen Videos gibt es auch eine Prise Humor, wenn es nicht gerade ernst bergab geht und ich noch Luft zum sprechen finde! Viel Spaß beim dabei sein!

IMPRESSUM
Inhaber: Leo Kast
c/o Postflex #3790
Emsdettener Str. 10
48268 Greven
❌Keine Pakete oder Päckchen zusenden - Annahme wird verweigert!

Email: info@leokast.de
USt.Id.: DE319003465
Inhaltlich verantwortlich gemäß § 5 TMG ist Leo Kast

Erklärung für die Nutzung der Partnerprogramme hier zu finden: https://www.leokast.de/impressum/",127000,709,34507160,"Vehicle,Hobby,Lifestyle_(sociology),Sport"
UC-8lT87E9WydWRGtk9MnCKw,Sanna Vaara,"I'm a nature lover and creative soul living far North of Finland. I live in a remote village, in an old farmhouse, and seek inspiration in the wild nature around me. I create photographs, videos, and music, inspired by this Nordic nature and its magic. Welcome to my world 💛

Support my work: 
✨JOIN my Nordic Family here on YouTube for extra content: https://www.youtube.com/channel/UC-8lT87E9WydWRGtk9MnCKw/join
✨PRINSTHOP: https://sannavaara.com/shop/
✨DONATE: https://www.paypal.com/donate/?hosted_button_id=32K3SBPW6P3YU

Welcome to my world: 
✨Website: https://sannavaara.com
✨Instagram:   / sanna.vaara
",102000,68,4188693,"Hobby,Lifestyle_(sociology)"
UCjifOn2M5T8IQ2ZHzAEL_pw,Ali Leiniö,"Tervetuloa mukaan reissuun! Retkeily ja vaeltaminen ovat minulle harrastus ja elämäntapa. Retkeily on vapautta ja seikkailua luonnossa, mutta myös itsensä haastamista ja monipuolisten taitojen opettelua. Teen reissukertomuksia retkiltäni ja vaelluksiltani. Tavoitteenani on taltioida retkeilyn ja luonnon tunnelmia, ja muodostaa niistä hyviä tarinoita.

Tämän kanavan sponsoreina toimivat sen katsojat - en tee kaupallisia yhteistöitä lainkaan. Voit halutessasi tukea kanavan toimintaa liittymällä sen jäseneksi 2€ kuukausimaksulla.
",79600,141,18127667,"Tourism,Lifestyle_(sociology),Hobby"
UCwc-FBWTCYD-hMg0thnFHaA,TravelCampingLiving,"Willkommen bei TravelCampingLiving. Ich bin Kai, begann 2017 mit meinem damals neuen Globecar Campscout B Kastenwagen, genannt Zottl, durch die Gegend zu fahren. Wochenendtrips und mehrwöchige Urlaube wie auch Geschäftsreisen. 
Mittlerweile hat sich mein Leben stark verändert. 2021 kündigte ich meinen Job im Herbst und entschied, ein Jahr auf Reisen zu gehen. Aus dem einen Jahr wurde ein zweites. Nun, 2024, bin ich im dritten Reisejahr. 
Meine Wohnung in der Schweiz ist vermietet, ich wohne seit März 2023 in meinem Kastenwagen. Finanziert wird alles über YouTube Videos, Partnerschaften, meinen Blog und harte und viel Arbeit. 
Wir reisen hauptsächlich, produzieren Reisevideos und besuchen Camping Messen wie die CMT und den Caravan Salon in Düsseldorf. 
Länder die wir bisher bereist haben: Marokko, Skandinavien (Winter wie Sommer), Island, Irland, Schottland, Wales, ein wenig England, Schweiz, Spanien, Frankreich & Rumänien. 
Zu all dem findet ihr Reisevideos auf unserem YouTube Kanal. 
",65600,1624,35344596,"Tourism,Lifestyle_(sociology),Vehicle"
UCLpwR6XmlPAISBqllF7rY-Q,SOPULI,"Oon kalastanut pikkupojasta asti vähän ympäri Pohjois-Pohjanmaan rannikkoa ja Lapissa. Keväällä 2017 aloin julkaista kuvailemiani videoita kalareissuilta ja nykyään tulee tehtyä tubevideoita, jotka eroaa hiukan siitä alkuperäisestä reissutyylisestä kuvaamisesta. Kalastuspuolelta mielenkiintoni kohdistuu pääosin aktiiviseen kalastamiseen. Tykkään rakennella kaikenlaista kalastukseen liittyvää.
",58900,616,21860355,"Hobby,Lifestyle_(sociology),Pet"
UCG614ZRaNp2S5uACi5Lr9vQ,JayBe Outdoor TV,"Unterwegs im Hier und Jetzt! Innen und Aussen! Ich liebe es, achtsam und intensiv mit der Natur in Kontakt zu sein und die eigene Freiheit zu leben. Auf JayBe.tv zeige ich Euch meine Outdoor-Abenteuer, dokumentiere meine Reisen im Camper und teile mit Euch meine Lebenserfahrung von Wohnmobil-Technik bis Selbstverwirklichung. Oder ich sitze einfach nur an einem schönen Ort und genieße das Wunder der Natur und lasse die Bilder sprechen...

Weitere Infos und aktuelle Beiträge findet Ihr auf meiner Webseite: https://www.JayBe.tv

HINWEIS! 
Ich verbringe bereits die maximal mögliche Zeit mit der Beantwortung von Kommentaren und Nachrichten. Ich leiste keine persönliche Beratung oder Unterstützung und beantworte keine technischen Fragen per eMail! 
Bitte Fragen immer unter den jeweiligen Videos bei Youtube als Kommentar posten! Da antworte ich i.d.R immer.",57500,440,12624937,"Hobby,Technology,Tourism,Lifestyle_(sociology)"
UC12eLYGCkQ77sLYwyH6jtuA,Log Shige,"ソロキャンプやブッシュクラフトや釣りの動画をアップしてます。
動画を通じて自然環境保護に関心をもって頂き、少しでも環境が改善されるよう願っております。
微力ながら、そのような思いで活動しているチャンネルです。
I upload videos of solo camp, bushcraft and fishing.
We hope you will be interested in protecting the natural environment through videos and hope that the environment will be improved even a little.
It is a channel that works with such thoughts, though weakly.

【企業・マスコミ・団体の皆様へ】
商品のレビュー依頼、番組出演の依頼など、沢山のメールありがとうございます。光栄に思っております。
しかしながら、このチャンネルは営利目的での運営をしておりませんので、
単純な商品紹介やレビューなどはお断りしてます。
自然環境保護・改善、アウトドアマナーの改善・活性化に繋がるような支援は協力させて頂きますので、お気軽にメール下さい。",54400,67,10584490,"Tourism,Lifestyle_(sociology),Hobby"
UCoiAETJrmBEnVhIeL6EsU8g,Berta Pim,,53600,141,2574708,Lifestyle_(sociology)
UCokkwLDA6d2RFwbm0EpYMfQ,Pauliina Mäki,"Päätin toteuttaa mun unelman ja muutin Lappiin, Ivaloon mun miehen ja husky lauman kanssa🐶 Mun kanavalla pääset näkemään millaista elämä täällä Lapissa on ja oppimaan rekikoirista!

Ota yhteyttä: pauliina.maki@hotmail.com
",52500,369,20757928,"Lifestyle_(sociology),Pet"
UCqj6sY5DiKZDr_SfKTeelqA,IKILOMALLA,"Olemme kotkalainen lapsiperhe ja asumme omakotitalossa Kymijoen rannalla. Meidän perheeseen kuuluvat reilu kolmekymppiset vanhemmat Titta ja Thomas sekä kolme tytärtä.

Videoidemme aiheet liittyvät tavalliseen lapsiperhearkeen, omakotitaloasumiseen ja remontointiin, yrittäjyyteen ja lapsiperhematkailuun. Julkaisemme videoita viikoittain ja videomme sopivat katsottavaksi koko perheelle.

Olemme videotoimistoyrittäjiä ja somealan ammattilaisia eli teemme videoita sekä vaikuttajamarkkinointia työksemme.

SEURAA SOMESSA
💗 Instagram: ikilomalla - https://www.instagram.com/ikilomalla/
💗 Tiktok: ikilomalla - https://www.tiktok.com/@ikilomalla
💗 Facebook: ikilomalla - https://www.facebook.com/ikilomalla
💗 Nettisivut: http://www.ikilomalla.fi

Kaupalliset yhteistyöt ja vaikuttajamarkkinointi : ikilomalla@gmail.com
Yritysvideot Videotoimisto ikimedia : www.videotoimistoikimedia.fi
Videokuvaus ja editointi: Thomas Halloran ja Titta Halloran
",50200,425,13987709,Lifestyle_(sociology)
UCep1YfYr_CzwymzB6yGrG1w,Finnish Playground,"I like to build stuff with my own hands. Woodworking, gardening and outdoors makes me feel alive. In my spare time I try to film some of my projects and share for anyone interested.

By no means I'm not a professional builder or gardener but I'm learning all the time.",50100,84,12067349,"Hobby,Lifestyle_(sociology)"
UCs4N6Uyjqsszr12v6J-W4Iw,Anniina Jalkanen,"Teimme kesällä 2019 suuren elämänmuutoksen ja muutimme kaupungista vanhalla maatilalle Etelä-Savoon. Kesällä 2024 teimme suuren elämänmuutoksen 2.0 ja muutimme vanhalle kalastajatilalle Turun saaristoon. Kanavallani näet perhe-elämää saaristossa, eläimiä ja remppaprojekteja.

Löydät minut myös Instagramista @anniinajalkanen !

Yhteydenotot: anniinajalkanen@gmail.com

Tervetuloa seuraamaan! 

-

In the summer of 2019, we made a big life change and moved from the city to the Finnish country side to an old farm. Now we are making a big life change 2.0 and moving to an old fishing farm in the Turku archipelago.

You can also find me on Instagram @anniinajalkanen !

Contact: anniinajalkanen@gmail.com

Welcome to follow!
",47500,459,12934719,Lifestyle_(sociology)
UCkUBhVRG7sWo7EgFD7dADyA,YOTTO's Odd One Out,"Odd One Out is a record label by YOTTO. We form our experience together. We believe in quality. We create music for open hearts and closed eyes. Underneath, we are all Odd Ones.
",46000,170,9372695,"Music,Electronic_music,Pop_music"
UCgD-XYMlD1JxA_hlFoPPSOg,Manaatti,"Suomen suurin sähköpyörä- ja sähköhärvelikanava YouTubessa!
Olen harrastanut sähköpyöriä vuodesta 2014 lähtien, eli 10 vuoden kokemuksella aiheesta jaan omia sähköhärvelikokemuksiani.
Teen YouTube videoita nyt päivätyökseni, sisältö laajentuu myös kohti Off Grid elämistä sisältäen aurinkopaneeli järjestelmät ja intohimona uudet energiavarastoinnin teknologiat.

Voit tukea kanavan toimintaa liittymällä kanava jäseneksi, lisäksi saat oikeudet nähdä exlusiivisia videoita➡️ https://www.youtube.com/@BossManaatti/join

Onko kysymyksiä tai jäikö joku asia mietityttämään videossa? Liityy discordiin +2000 jäsenen mukaan juttelemaan mistä tahansa sähköhärvelistä ➡️ https://discord.gg/4fmC4TTsvJ 

Etsimässä sähköpyörää/lautaa? Katso ajantasalla olevat alennuskoodit uusimman videon kuvauksesta. Käyttämällä alennuskoodeja tuet kanavan toimintaa!

Jos haluat tehdä kaupallista yhteistyötä tai yhteisvideoita kanssani, laita sähköpostia osoitteeseen bossmanaatti@outlook.com
",44000,542,13550387,"Lifestyle_(sociology),Vehicle"
UCC5vubsnFBpy-lFB8S8rZEg,Anni´s show ,Anni from Finland!,43800,225,4344903,Lifestyle_(sociology)
UCc9VMalVUyXKHpGqKXIu3OA,shawneydepp,"Documenting my life, adventures and thoughts into short stories. From the sunny island Singapore 🇸🇬 

Lets make some magic. Email me at shawnekoh@gmail.com for any content related opportunities.",41900,383,5428825,"Tourism,Lifestyle_(sociology),Hobby"
UCt_lg_eX1sI5oqInlkRtj8Q,Mraknup,"The incredible beauty of the Earth. I share relaxing moments that I capture about fire ,fireplace, campfire and while going around forests and fields and flying above lakes,forests, towns, villages with 4K drone, mostly nature and nature sounds videos, also travel and relaxation videos.
tags: fire, fireplace, campfire,meditation music, relaxing music, rain sounds, sleep music, music for meditation, music for sleep, , tropical music, celtic music, relaxing sounds,  chinese music, tibetan singing bowl, meditation mantra, meditation, sleep, relax, study, rain music, ocean waves, wave sounds, beach sounds, nature sounds

Please don't ask for permission, I'm not allowed to give any.",40200,697,15572701,Lifestyle_(sociology)
UCAf7IlFJgmFLlpzVyF16n0Q,FISHKA,"Здравствуйте

Мы рады приветствовать Вас на нашем канале.

Наш канал посвящен рыбалке, подводной охоте и вообще отдыхе на природе. 

Если вас интересуют темы поимки рыбы, отдыха на водоемах, подводных съемок, то думаю здесь вы сможете найти для себя что-нибудь интересное.

Приятного просмотра!",39600,260,21664883,"Hobby,Lifestyle_(sociology),Pet"
UCF1QkOrhIPdfQgIlEKIKMoQ,Khalid Siddeeq,,35700,54,3341410,"Lifestyle_(sociology),Tourism"
UCZOcNaEgjjIQJ-3gz3B2qdg,KalastusKanava,"Jokaisen kalastajan kanava, jossa on niin viihdettä kuin hyödyllisiä vinkkejä! KalastusKanavalla esitetään kalastussarjoja ja vlog-henkisiä videoita maailman hienoimmasta harrastuksesta. 

Kanavan ylläpitäjän roolissa autan mielellään kalastuskysymyksissä, joten laitapa kommenttia videoiden alle, jos voin olla avuksi! Elämäntapani ja työni on kalastus – kuljen kamera mukana ja kuvaan kalastusreissuja kavereiden kanssa. Yleensä kuvaan ystäviäni, mutta toisinaan olen myös itse kameran edessä ikään kuin kalastustubettaja!

Ota yhteyttä, jos sinulla on mitä vaan kysyttävää tai ideoita!

Kalastusterveisin
Mika Viitanen

P.S. Instagramissa ja Twitterissä löydät minut nimimerkillä @maastokuvaaja ja kanavalla on Instassa oma tili @kalastuskanava",32000,487,14409189,"Hobby,Lifestyle_(sociology),Pet"
UCPodzGcTvM7X9vQbpmc7oIQ,Evgeny Finn,"Привет друзья! Меня зовут Евгений. Я и моя семья очень любим путешествовать, на моём канале Вы увидите разное видео о путешествиях на машине и кемпере доме на колесах.  Я очень люблю посещать интересные места, музеи, шоу и прочие достопримечательности. В особенности я люблю природу. Я снимаю видео ролики и делюсь ими с Вами.  Мне нравится дайвинг и параплан. Немножко занимаюсь плаванием. Подписывайтесь на мой канал, пишите комментарии, рад новым знакомствам. Добро пожаловать.

Пишите по вопросам сотрудничества!",30100,138,8086910,"Lifestyle_(sociology),Tourism"
UC17ixTOEP-Ca1CTJ8Z88o8Q,Veksu,"Taas kerran keli on mitä mahtavin!

Tervetuloa mahtavien ulkoilukohteiden äärelle! Tämä kanava sai alkunsa vuonna 2012 ulkoilu- ja kalastussarjasta Kainuun taikaa, joka on vienyt katsojat syvälle Suomen kauniiseen luontoon tarjoten elämyksiä retkeilyn, kalastuksen ja luontokuvauksen parissa.

Kanavani ei ainoastaan kerro tarinoita luonnosta, vaan myös siitä, miten voimme antaa takaisin. Olen Reliikki kierrätyspajan perustaja. Kierrätän käsityönä luonnosta, paikallisilta ja ulkoiluharrastajilta kerätyn muoviroskan uusiksi tuotteiksi omalla pajallani. Kerron muoviroskan aiheuttamista ongelmista sekä keinoista parantaa ympäristömme ja terveytemme tilaa.

Tule mukaan seuraamaan luontomatkojani, oppimaan luonnosta ja inspiroitumaan!🌲
",28200,344,3297365,"Pet,Lifestyle_(sociology),Hobby"
UCdMb6gGxs7jegl2NRJCAU7w,Urpoerämies,"Urpoerämies Productions tekee hyvällä huumorilla sävytettyjä kalastusvideoita. Videoillamme näytämme kalastuksen monipuolisuutta. Mukana on eri kalastustyylejä ja -lajeja, huikeita onnistumisia sekä katkeria epäonnistumisia. Kalastus on Urpoille elämäntapa: Ainutlaatuinen ja palkitseva harrastus, jossa pääsee nauttimaan luonnosta ystävien kanssa – myös täällä etelässä.",25400,135,3883187,"Lifestyle_(sociology),Hobby,Pet"
UCJTTFnzwO5qUUCPkIX_nRow,Running with Marc,"This channel is 𝘼𝙇𝙇 𝙏𝙃𝙄𝙉𝙂𝙎 𝙍𝙐𝙉𝙉𝙄𝙉𝙂 ! Running motivation, adventures, challenges, useful and honest running reviews and tips here for you to enjoy, naturally with a bit of fun along the way. So lace on up and enjoy the run.
",24700,531,3475824,"Health,Hobby,Lifestyle_(sociology),Sport"
UCTMehvyPg3CdzobAME-QLDQ,FLYING BEAR CLUB ••• ฟลายอิงแบร์คลับ,"TRAVEL x EDUCATION
พื้นที่สำหรับผู้รักการเดินทาง และ การเรียนรู้ตลอดชีวิต

Thank you for visiting us and welcome to Flying Bear Club! :)
ขอบคุณเพื่อนๆ ที่แวะเข้ามา และ ยินดีต้อนรับเข้าสู่ ฟลายอิงแบร์คลับ! :)

Contact | ติดต่อ
LINE OA : @flyingbearclub
Facebook : Flying Bear Club ••• ฟลายอิงแบร์คลับ

- - - 

At ""Flying Bear Club,"" everything is possible and all dreams hold true. We do everything we love and we share all things we believe in. We enjoy travelling to new places, cherishing fun education, and experiencing the wonders of nature and people. We smile, we eat, we laugh, and sometimes we cry. But every day when the sun rises up in the sky, we get up and run an extra mile to those places that have shone so brightly in our dreams. 

Let's hit the road together and explore the paths unknown! :) 
KEEP TRAVELLING & STAY CURIOUS!

- - -

Facebook ••• Flying Bear Club
Instagram ••• @flyingbearclub
LINE Official ••• @flyingbearclub
Website ••• flyingbear.club
Blogs ••• yamstergroup.com",22400,211,606283,"Lifestyle_(sociology),Tourism"
UCpEpQMTQj85Gbqvdt1gtQEg,Naturally Silent,"Elämää luonnossa 

Yksinkertaista eloa ja puuhasteluja metsämökillä sekä metsuriopintoja. 

Tervetuloa seuraamaan. 

🧡 Hilja
@luonnollisesti_hilja ",22100,92,3592354,"Hobby,Lifestyle_(sociology),Tourism"
UCBmJUAXrPv7-tc9MMAuPqVg,Majid Hussain Raza,My name is Majid!,21800,86,1309868,"Lifestyle_(sociology),Tourism"
UC3QVEpkzBP4rnvjFA5Sjirw,Kristof,"Hey :-)

Schön dass du hier auf meinem Kanal gelandet bist.
Ich bin Kristof, selbstständiger Coach für Bildbearbeitung und Fotografie. Meine Mission ist es: dir zu besseren Fotos zu verhelfen. Sei es durch die Bildbearbeitung oder die passende Fotografie.
Auf meinen Kanal hier findest du unzählige Tutorials rund um die Themen Lightroom, Photoshop und die Fotografie.
Aber auch meine Reisen, Hintergrundberichte oder der ein oder andere Review wird hier zu finden sein.

Ich freue mich wenn ich dir was beibringen darf und auf die gemeinsame Zeit die wir hier verbringen.

Beste Grüße,
Kristof


Mehr über mich und meinen Store findest du unter www.kristofgoettling.de",21600,456,2626805,"Hobby,Technology,Lifestyle_(sociology)"
UClhTpH14hALl_c6HXFhttew,Bike Touring Mike,"Hi, it's Bike Touring Mike here. I've been bike touring or bikepacking for the last 11 years. The idea of this channel is to motivate and inspire you to go out on your own great bikepacking adventures. And to show you that it doesn't always have to be that difficult, the best bikepacking bike is probably one that you already own. With a few tweaks you're ready to go. And that you don't have to go on a long trip abroad, instead you can find some great adventures close to where you live!

Contact: biketouringmike@gmail.com
",20900,196,2681968,"Hobby,Lifestyle_(sociology),Tourism"
UC9jWH7MoBrnoOEz0SYASF4w,Jesse Braun,"Tähän voisin kertoa taustojani, mutta eiköhän ne aukea paremmin videoilla. Tiivistettynä pidän eräilystä ja tekniikasta, sekä teen myös työkseni videoita.

Seuraa somessa:

Twitter: https://twitter.com/brauninjesse
Instagram: https://instagram.com/brauninjesse
Snapchat: Brauninjesse

Kaikenlaiset tiedustelut mielellään sähköpostiin!",20000,107,1791740,"Hobby,Lifestyle_(sociology),Tourism"
UCbl3DTHgsYFg2kP3djAn25g,Ruthless Fishing TV,"Videoilla esiintyvät tuotteet löydät meidän omasta verkkokaupasta:

https://www.ruthlessshop.fi/

Meidät löytää myös Facebookista sekä Instagrammista.

https://www.facebook.com/ruthlessfishing
http://www.instagram.com/ruthless.fishing
",19800,370,5149895,"Hobby,Lifestyle_(sociology),Pet"
UCbtDyD71xlUgGciUxpsLjXQ,Eetu Xitu - Ashmita & Rituraj,"An Assamese vlog about day to day life and travel experiences around the world.

Contact:
Facebook: https://www.facebook.com/EetuXitu
Instagram: https://www.instagram.com/rituraj_kaushik
",19200,73,615556,"Tourism,Lifestyle_(sociology)"
UCky2kJgj_iLvQPH0jyIcfTQ,Mehtamikko,"Vaellus- ja retkeilyvideoita Pohjolan erämaista ympäri vuoden, kalastusta unohtamatta. 

Seuratessa Mehtämikon hortoilua tiettömien teiden takana tutuksi tulevat niin Suomen, Ruotsin kuin Norjankin Lapin erämaat ja vaellusmaastot. Kesällä patikoidaan jalan ylipainoisen rinkan kanssa ja talvella suksitaan vielä painavamman ahkion edellä. Näillä reissuilla tuskin kaikki koskaan ihan putkeen menee, mutta se on osa seikkailua. Iso rautu on yleensä aina tähtäimessä, mutta harvemmin siiman päässä. Tärkeintä on kuitenkin, että reissuun pääsee, koska parasta on elämä erämaassa.

Sähköposti: mehtamikko [ät] gmail.com
",18100,86,2474046,"Hobby,Lifestyle_(sociology),Tourism"
UCHUgsiIvFxA2SxT7wO3DDMg,lyuke lyuke,,17600,75,8526501,"Hobby,Lifestyle_(sociology)"
UCeqy2sIBbWnrdZi-nssu9Sw,El Kärppä,"

Welcome to El Kärppä 

This is my style of doing things

Sometimes I make unspoken videos to foreign viewers.


Tervetuloa El Kärppä kanavalle.

Videoilla näkyvät tekemiset ovat minun tyylini tehdä asioita.


Yhteydenotot: 
elkarppa2@gmail.com




",17400,46,931414,"Tourism,Lifestyle_(sociology),Hobby"
UCdferMLksUToN7yDXkVpwaA,Vapaalla jalalla,"Retkeilykalastusta Kainuun korvesta Lapin tuntureille.
Kalastus ✕ Vaellus ✕ Eräily

Jos viihdyit videoiden parissa, tilaa kanava ja ota myös muut somet haltuun! Blogin ja verkkokaupan löydät osoitteesta: www.vapaallajalalla.fi

Kommenttia ja viestiä voit laittaa videoihin tai sähköpostilla: posti (a) vapaallajalalla.fi",17300,91,2442039,"Pet,Hobby,Lifestyle_(sociology)"
UC1pEEnwpRgoL61gLmJPKtyA,Camperlust,"Welcome aboard Goldie 🚐, our 1998 Fiat Ducato 1.9TD motorhome. 
We are Emanuela and Matteino. 👋🏻 
We travel unhurriedly in Italy and Europe exploring Nature, hiking and visiting the most beautiful cities! 
Follow us also on Instagram 👉🏻 @camperlust_
",17200,449,3092895,"Tourism,Lifestyle_(sociology)"
UCkCMSYw068Fb8tcnA5dblzA,Antti Autti,"Professional snowboarder from Finland. Hoping to inspire you with my projects! 
arcticlines.com
",17100,43,1921993,"Tourism,Sport,Hobby,Lifestyle_(sociology)"
UCBIJ42YHjV4vdfDb-pcW-Uw,Jaskiniowiec,"Witam. Tu Jaskiniowiec.
Ćwiczę mieszankę surwiwalu, bushcraftu i partyzantki.
Zazwyczaj to włóczęga lasami i nawigacja, bushcraft i prosta ale z ""rodzynką"" kuchnia polowa.
I zawsze - ciekawa przygoda z wnioskami.
Psychologia przetrwania, podstawowa wiedza militarna, samodyscyplina, szacunek do natury - mogą pomóc nam nie tylko w lesie ale też w życiu codziennym.
Swoją pasją chcę zachęcić was do aktywności, zwinności myślenia, hartowania charakteru oraz szacunku do otoczenia.
Mam pochodzenie Polsko-Ukraińskie. Napewno zauważycie mój akcent na filmach. Ale kumulacja technik i wiedzy w moich materiałach ma szerszą geografię. Obejmuje szkołę zarówno zachodnią jak i wschodnią.
Oferuję testy ekwipunku i kierunków turystyczno-wakacyjnych: jaroslaw.lebidko@gmail.com
Kanał przyjazny młodzieży: brak alkoholu, tytoniu i leksyki nienormatywnej.
#Natura, #Las, #Przetrwanie, #Survival, #BushCraft, #Outdoor, #Militaria, #Partyzantka, #Ognisko, #Biwak, #Jaskiniowiec, #turystyka, #podróże",16600,214,2336813,"Tourism,Lifestyle_(sociology),Hobby"
UCTPcClOzWlxnr2uaxUgOAtw,asitis,"Documenting the world as it is. City and nature video walks and cycling tours in 4K and in High Quality Binaural Audio. My goal is to capture the environment as authentic and relaxing as possible. I have a passion for exploring and love for videography!

I am focusing on walking tours (cities and nature) mainly in Helsinki and around Finland but occasionally from other countries too. I am uploading several videos every week. I make subtitles for info about places, landmarks and buildings for some videos. You can turn them on by clicking CC.

If you'd like to, you can support the channel by liking, commenting, subscribing or donating.

If you want yourself blurred out of the video or removed from thumbnail, please send me e-mail.

Do not use my videos without my permission. For licensing, send me e-mail. Thank you and welcome to the channel!
",16100,306,4858939,"Tourism,Lifestyle_(sociology)"
UCwIdVTOpsYi_r1zcq-ykP5w,Kalastajan maailma,"Terve ystäväiseni ja tervetuloa mun kalastusvideo ""päiväkirjan"" pariin. Mun nimi on Otto ja olen kotoisin Helsingistä. Kalastan ympäri Suomen eri kalastusmuotoja hyödyntäen. Tilaa kanavani ja tervetuloa mukaan:)",14600,287,3029439,"Hobby,Lifestyle_(sociology),Pet"
UCsmA7kV6ko9mE__z57sGOBA,FeelFreeOnTour,"Impressionen und informatives  von unseren Touren, Routen und Reisen mit dem Wohnmobil und neuerdings mit Wohnwagen bzw. interessantes rund um´s Campen. Wir sind mit 3 Kindern und einem Maremmen-Abruzzen Schäferhund unterwegs: deswegen gibt´s auch immer mal wieder Einblicke in unser Familienleben bzw. wie der Urlaubsalltag mit Kindern und Hund im Wohnwagen so aussieht.

Bei uns steht das HOBBY Reisen und Camping im Mittelpunkt.
Wer mehr wissen möchte über uns oder die Reiserouten und genauen Standorte der Campingplätze wird auf unserer Homepage fündig!

Da uns der Kanal aber als Privatpersonen mit Kindern zu ""öffentlich groß"" wird, gibt es seit Sommer 2022 viele Videos nur noch im Mitgliederbereich. Wir laden Euch aber gerne ein Kanalmitglied zu werden: https://www.youtube.com/channel/UCsmA7kV6ko9mE__z57sGOBA/join

Viel Spaß auf unserem Kanal FeelFreeOnTour",14600,506,6430772,"Tourism,Lifestyle_(sociology),Hobby"
UCXRzRzLUt2KjZhI18NMJuBA,Daiki Yoshikawa,"（日本語は下記参照）
Welcome to my channel!
I'm originally from Kyoto, Japan. I moved to Finland for my Master's degree in 2016. After that I started working in the field of business development and marketing in this beautiful Nordic country. Currently I'm based in the capital city, Helsinki. 

Through this channel I'm hoping to share my experience in Finland and sometimes abroad, including culture, career, lifestyle and travel diaries. I upload a video EVERY WEEKEND. You could check my homepage and Twitter, where I actively share my experience and learnings. Also, don't forget to subscribe this channel! :) 

フィンランド・ヘルシンキ在住。
直感や色んな流れに従った結果、2016年にフィンランドの大学院に進学して、この北欧の「森と湖の国」に残り働いています。北欧・フィンランドに住んで5年目、幸福度が高いと言われるこの国での、ほのぼのとしたリアルな日常を「毎週末」アップしています。テレビ局や旅行者が映さないであろう、現地の人々の生活や風景など、お届けできればと思います。ぜひチャンネル登録していただけると、励みになります。

◇Twitter     https://twitter.com/Okonomiyakiguy
◇Instagram     https://www.instagram.com/okonomiyakiguy/?hl=ja    
◇BLOG     https://finland-life-lessons.com
",14500,199,1892033,"Food,Lifestyle_(sociology),Tourism"
UCsXRDTa-TX6aWNGVNut1s1g,Martin Stefanov,"'Martin Stefanov Films' is my one-man labour of love. Since its inception in 2018, I have worked hard to keep it a contemplative movie space free of ads and commercial interruptions — something important to me and, I hope, to you — supported instead by viewers like you. Filming and editing take nearly every waking hour of my day and it is expensive to sustain. If you find any joy, solace, inspiration, or you learn something here, please consider a modest donation — however much you can afford, it means and helps more than you can imagine.
There are a few options:
- Patreon account: https://www.patreon.com/martinstefanov
- Check my online store: https://holvi.com/shop/unlockyourhero/
- Subscribing and sharing my content also helps a lot! :)
",13600,88,1763645,"Hobby,Lifestyle_(sociology),Tourism"
UCeArR3SoNJFRgUqhL_1V6cg,Seela Korpilähde,Nature loving Finnish girl with a camera,12900,44,1875850,"Hobby,Lifestyle_(sociology),Tourism"
UComjNFRctGoz0X0qu7xaneA,Tide Knot Travellers,"Hi! We're Craig & Kirsty a Husband and Wife travelling the World and sharing our content to help others travel too! 

A British couple from London, England. We got married in 2018 and decided instead of a honeymoon we’d travel the world together. We saved money and points, quit our jobs, rented our house out and boarded a one way flight on March 1st 2020, then the global pandemic hit, so we chose to stay put where we were and toured the entire country of Estonia! 

We started this Youtube channel to create memories & share our experiences with friends, family and anyone who enjoys travel! We post a new video every Friday and sometimes we do a midweek bonus video (when travel and wifi allows!) 

We hope you enjoy our videos and thank you for following our journey! 

The easiest way for you to support our work is to subscribe to our channel and ring the bell 🔔 to get notified when we post a new video!

Follow us on instagram to see where we are and what's coming up next!",12900,189,1571089,"Tourism,Lifestyle_(sociology)"
UCyj1yL2lKMN42gNr87pIfGw,Kanootti & Tomaatti (Kanootti & Tomaatti),"Seikkailija, adventurer.

Instagram: https://www.instagram.com/canoe_and_tomato
Blogi: http://www.vettis.net/blog/
E-mail: vettis76 @ gmail . com",12800,194,1485615,"Tourism,Lifestyle_(sociology),Hobby"
UCXsTVl-HtdDaPeJmfEMqqTA,Erik B. Jørgensen,"Velkommen til min kanal. Jeg hedder Erik, jeg håber du kan få en masse ud af min kanal. Husk at stort set alle video også har et blogindlæg tilknyttet, hvor der er meget mere information og link til mere viden. 

Skriv endelig til mig hvis du har noget på hjerte (er mest til mails, hvis det ikke har med selve videoen at gøre).

God fornøjelse. 
Mvh
Erik B. Jørgensen:
- Eventyrer
- Forfatter
- Foredragsholder
- Ekspeditionsleder
- Tidligere: Slædepatruljen Sirius og Jægerkorpset

HUSK Eventyret starter i din baghave

Se meget mere på www.komud.dk
",12500,646,2693784,"Hobby,Lifestyle_(sociology),Tourism"
UCT9Op5RQ6nj-jhUYFRduenw,Taival Outdoors,"Everything from multi-day wilderness backpacking to day hikes and overnight adventures. I also make outdoor gear reviews based on extensive testing and experiences from camping all year round. On many of my videos you'll also see my dog, Rokka the Alaskan Malamute, who has proven to be a great companion in the backcountry.

Channel milestones:
- 112 videos in Finnish during 2015-2020
- Taival Outdoors launched in April 2020
- 10,000 subscribers in July 2022
",12300,93,821775,"Hobby,Lifestyle_(sociology),Tourism"
UChBPAnbOE1bTbvEp-dttZXA,Retkireppu,"Hei! Olen Peter, pitkän linjan retkeilijä ja luontokuvaaja. Ammatiltani säveltäjä ja äänisuunnittelija. Tällä kanavalla julkaisemme yhdessä puolisoni ja lasten kanssa vaellus,- ja retkeilyaiheisia videoita sieltä täältä missä nyt ikinä seikkaillaankin. Välillä yksin ja välillä yhdessä. Tilaa kanava ja pysy mukana retkillä :) 

Instagram: Retkireppu1
Facebook: https://www.facebook.com/Retkireppu
Sähköposti: ptarvain84@gmail.com",12100,98,1412399,"Hobby,Lifestyle_(sociology),Tourism"
UCObkQY28ni_fgVg_3bqMfXA,Agnieszka 'Zebra' Dziadek,"ENG Agnieszka ""Zebra"" Dziadek, long distance hiker and a nature lover. Hiked 45000 km so far (over 28000 miles). Te Araroa 2015/2016, Appalachian Trail 2017, Continental Divide Trail 2018, Pacific Crest Trail 2019, across Sweden 2020, Croatian Long Distance Trail 2021, Norge på langs 2022, across Japan 2023, Pacific Northwest Trail 2024.

PL Agnieszka ""Zebra"" Dziadek, polska podróżniczka i wędrowiec długodystansowy - w nogach 45000 km. Przejścia szlaków długodystansowych: Te Araroa 2015/2016 oraz Triple Crown of Hiking, czyli Potrójną Koronę szlaków długodystansowych w USA: Appalachian Trail 2017, Continental Divide Trail 2018, Pacific Crest Trail 2019, Sverige på längden, czyli przejście Szwecji 2020, Croatian Long Distance Trail 2021, Norge på langs 2022, pieszy trawers Japonii 2023, Pacific Northwest Trail 2024.",11700,311,2048159,"Hobby,Lifestyle_(sociology),Tourism"
UCysRtnIdx5BpAKpayHnMUQg,Ihan Eetu vaan,,11500,102,1562206,"Hobby,Lifestyle_(sociology),Food"
UC2Prp3t7Ol-a041FXTyCzNQ,Kampiapina,Kaikkiruokainen pyöräilijä. Välillä mennään pitkää maantiellä ja välillä lyhyttä metsässä. Joskus keitellään kahvit lähimetsässä ja joskus painetaan pitkää päivää satulassa kohti auringonlaskua. ,11100,234,2534220,"Sport,Lifestyle_(sociology),Hobby"
UC-qkeYYA0tyORf3sKB-DSzg,Sakke Raappana,"Tervetuloa kanavalleni. Elokuvamaiset vaellusvideot ovat intohimoni. Harrastuksiini kuuluu myös musiikki, eräperinteet, luonnossa selviytyminen, kalastus, koskenlasku sekä retkeily ylipäätään.

#vaellus #retkeily #kalastus #selviytyminen #bushcraft #camping #hiking #survival #survivalskills #vegesakke #sakariraappana

Welcome to my channel. Hiking and camping videos are my passion. I also spend time in the nordic wilderness doing survival and bushcraft stuff. Bushcraft and survival skills and also long canoe trips are in my favor. I also run rapids with canoe and with packraft. I often do longer hikes in Finnish Lapland mostly in wilderness areas or national parks. In Eastern and Southern Finland I do camping and canoeing videos also.

",10300,131,1048783,"Hobby,Lifestyle_(sociology),Tourism"
UCqW5aGynRn1vXX-teTUPDyg,Urbex_Arttu,"
-Rakennettu kulttuuriympäristö
-Rakennushistoria
-Vanhat talot

Urbaanien alueiden tutkiminen – aihekanava

Hirsitalot 
Urbaani löytöretkeily
Retkeily 
Luonto
Historia
Dokumentti 
Vlog




Mikäli tiedät mielenkiintoisen kuvaus kohteen niin laita minulle sähköpostia niin tutkitaan onko kuvaus mahdollinen.
Urbex_Arttu@outlook.com



Autiotalot
Metsälöytö
Hylätty talo
Maaseutu
Urban Exploring
Urban exploration
Lost places
Urbex",10300,164,3376444,"Hobby,Lifestyle_(sociology)"
UCNFWPF0AiXaNInkrAcLgvzg,PIIIA,"Road trippejä ja automatkailua niin Suomessa kuin ulkomailla — lähimatkailua ja mikroseikkailuja arjessa. PIIIA on YouTube-kanava kaikille oman elämänsä tutkimusretkeilijöille 🗺🧭

Virtuaalimatkaile omalta kotisohvaltasi road tripille Lofooteille, ajomatkalle halki Euroopan tai ruskareissulle Lappiin. Löydä uusia retkikohteita Suomesta — vai sukeltaisitko sittenkin pakun rakennusprojektiin seuraamaan kuinka rakensimme pakettiautosta meille aurinkoenergialla varustetun ihka ensimmäisen oman kodin?

Pian kanavalla päästään seuraamaan tuoreinta Suomi -road trippiämme, jossa vieraillaan lukuisissa eri luontokohteissa ja vietetään upeita hetkiä Lapissa.

Kurkista ihmeessä myös PIIIA.com-sivustomme puolelle!  Älä kuitenkaan unohdu liian pitkäksi aikaa, vaan:

Lähde ulos ja seikkaile! Never stop exploring ✨🌙

Kaupallinen yhteistyö? Lue lisää: https://piiia.com
",9810,151,1985118,"Tourism,Lifestyle_(sociology)"
UCwT76tOwIJ5WzUPZYokgbvA,Рыбалка в Финляндии от А до Я / FinFishing,"Канал о рыбалке в Финляндии. Здравствуйте. Меня зовут Андрей. Много лет проживаю в Финляндии и активно рыбачу. На этом канале я буду делиться подробной информацией о рыбалке в Финляндии, а также Норвегии. Вся информация основана на ПРАКТИЧЕСКОМ опыте ловли рыбы, и нередко он расходится с общепринятой теорией. Вы сможете получить достоверную информацию от ""аборигена"", где ловить, как ловить, когда ловить, на что ловить. 

Мой магазин товаров для рыбалки в Финляндии, заказ рыбалки, а также материалы о рыбалке в Финляндии:
https://finfishing.eu

Лицензии: https://youtu.be/EW7PBq7FWv8

Поддержка канала: paypal.me/finfishing  (Спасибо)

Официальная группа в сети Facebook : https://www.facebook.com/groups/finfishing
Официальная группа в сети Vkontakte: https://vk.com/finfishing
Мой рыболовный профиль: https://our.fishing/finFishing
По коммерческим вопросам: saimaafishing@gmail.com",9750,172,1279271,"Pet,Hobby,Lifestyle_(sociology)"
UCYOIFqlogi0_EYgI2_QQvdw,#FILLARIPÄIVÄKIRJA,"Ympärivuotisen maastopyöräräretkeilyn ”rajattomat” mahdollisuudet
- BikePacking / BikeRafting / BikeSledding -
Näe - Koe - Tunne - Luonto

Bikepacking DUDE
Canyon Ambassador
Shimano Nordic Ambassador
Orlieb Waterproof Ambassador

Tervehdys!

Polkupyörä on urheiluvälineen lisäksi myös väline taittaa työmatkat, kauppareissut ja kavereilla vierailut sekä yhtä lailla retkeillen saavuttaa luonto, metsä ja sen rauha jokaisena neljänä vuoden aikanamme niin. Pyörä on juhta, jonka päällä kulkee kaikki, mitä useamman päivän retkillä tarvitaan: varusteet, sapuskan sekä majoitteen - siis kaiken.

Etsin Bikepackingin - polkupyörävaelluksen rajoja. Mihin kaikkeen tuo polkupyörä taipuukaan ja mitä kaikkea sen perässä voi vetää ja päällä kantaa. Kesällä maisema vaihtuu tarvittaessa vesistöjä pitkin pyörä packraftin kyydissä ja talvella pyörä taas vetää varusteita kevyesti ahkiossa tai Exrta Wheel peräkärryssä jossa voi kulkea mukana myös kotateltta kaminoineen päivineen.

- tärkeintä on lähteminen…
",9680,312,1254857,"Tourism,Sport,Hobby,Lifestyle_(sociology)"
UCNQcvWs4fWU8FhUFXHoGINw,RVingEurope Deutsch,"Wir sind Lysan und Benjamin. Ein junges Paar, das alles aufgegeben hat im im Wohnmobil durch Europa zu reisen. Auf unserem Kanal nehmen wir euch mit auf unserer Reise.",9560,198,2322702,"Tourism,Lifestyle_(sociology)"
UCWDXI9DB3TXS-D6fybRPn-A,Luke Bland,"Digital Producer | Semi-Daily vlogger | Helsinki, Finland

American living in Helsinki, Finland

Things you'll find here: Marathon running, Island swimming, and lately boating, drone filming, urban fixed gear bike craziness, a really big helmet and a bit of Helsinki lifestyle.


Where I work:
http://cocomms.com

Cameras: GoPro Hero 8 Black, iPhone SE 2020, DJI Mavic Air

#vlogger #vlogging #vlog #youtuber #helsinki #city #finland #video #visitfinland  #ourfinland #tapiola #espoo #visitfinland  #lifestylevlog #expat  #running #runlikehel #fixedgear #cycling #urbancycling #urban",9240,852,2130375,Lifestyle_(sociology)
UCh-i9nUvo55RDjhra7bNm-Q,Rianti Septiani,"Hallo semuanya..
Welcome to my channel ☺

Nama channel Jari Manis adalah gabungan dari nama saya dan suami yaitu Jani dan Rianti. Saya sendiri berasal dari Jakarta dan suami saya dari Helsinki, Finlandia. Setelah menikah saya ikut suami tinggal di Finlandia.
Channel ini berisi gado-gado 😁 bisa tentang travel, beauty, masak dan gayahidup di Finlandia.
Video baru akan tayang 1-2 x dalam satu minggu.
So, jangan lupa klik SUBSCRIBE/BERLANGGANAN ya teman"" supaya update terus video terbaru dari channel Jari Manis. Thank you 😘

If you need more information, you can contact me from my social media.

Instagram: https://www.instagram.com/rianti.septianiii/

Facebook: https://m.facebook.com/rianti.septianiii?ref=bookmarks

Smule: https://www.smule.com/riantiseptiani

Thanks All 😘😘😘",8780,161,998323,"Tourism,Lifestyle_(sociology)"
UC1hNr7UolBomdhSCOmFlVeQ,Julie Allidem,"Hello everyone! Welcome to my channel and welcome to our life in Finland! My vlogs are about lifestyle, travels and everything in between. 😄 Thank you for taking the time to watch my vlogs. Leave some comments, like, share and SUBSCRIBE for more videos! 👍😇 Have a great day everyone! 💚🤍❤️",8700,198,777771,"Lifestyle_(sociology),Tourism"
UCcyHtGp2MkUK7C4c-r3VbMg,True Vikings,"We are two guys from Finland making videos about metal detecting, gold panning, magnet fishing and other outdoor adventures. We travel the world to do the things we love, film it - and share with you!

We have been on several trips around different places in the world metal detecting, treasure hunting and exploring history. We have been metal detecting in Finland, UK, Denmark, USA, Norway and Germany. We also do some gold panning, gold sluicing and other gold exploring adventures around Sweden and Finland. Sometimes we even want to do some magnet fishing and meteorite hunting! Wherever the Minelab Equinox 800 metal detector beeps, there we are!

You should definitely follow our adventures! New video published every week! 

The Treasure is out there!

Feel free to contact us anytime! We are open to discuss collaborations, sponsorships, product reviews and more!

thetruevikings@gmail.com",8590,367,1260405,"Lifestyle_(sociology),Hobby,Technology"
UCQdovHdGjlhHpBzSBIY9JlQ,Tapshanov,Touring with Caravan around Europe with my Family. ,8540,297,704402,"Tourism,Lifestyle_(sociology)"
UC1GNLp_plebhUkbOy3TPgEQ,Jani Jäppinen,"Vaellusta ja kalastusta

Vaellus ja kalastus aiheisia juttuja eripuolelta Suomea, Ruotsia ja Norjaa. Videoiden lisäksi kirjoitan kirjoja vaeltamisesta ja kalastamisesta. Viimeisin kirjani on nimeltään Retkeilijä ja se on ostettavista kirjakaupoista.

Kuvasin ensimmäiset klipit Lapin vaelluksilla 2000 -luvun alussa. Ensimmäiset pitkät jutut kuvasin 2006-2009.Nämä julkaistiin DVD:nä ensimmäisessä kirjassani. Teen videoiden musiikit joko kokonaan ise tai sitten ne on bändini Johnny B.ja Pimeyden Ystävät tekemiä. Pimeyden Ystäviltä löytyy myös oma Youtube-kanava. 

Nykyisin viihdyn luonnossa parhaiten poikani kanssa.

Blogi: fishing-hiking.com

Email: jappinen.jani@gmail.com
Instagram: JaniJappinen
",7470,90,1223933,"Pet,Hobby,Lifestyle_(sociology),Tourism"
UCTnixL2wuUOU6ZehxPnUrMQ,Partamaani,"Hei,

Tervetuloa mielen ja maallisten aarteiden jäljille! Tällä kanavalla piipparoidaan metallinpaljastimella missä milloinkin, huuhdotaan Lapin kivet putipuhtaiksi ja nautitaan mielenmaisemista vaikkapa nuotiotulen äärellä. Mikäli tämmöinen kattaus herätti mielenkiinnon, niin tervetuloa kulkemaan mukana!",7400,114,2695642,"Hobby,Lifestyle_(sociology)"
UCdcxP2kYcdTNKfsW9xxmevw,JustDoMedia,,7370,737,3383300,"Vehicle,Lifestyle_(sociology)"
UCAJiPkLL9eTYqktEPJ13OHQ, Tube-Keijo,"Ranen ja Reijan perheen tallin tapahtumia ja muuta touhuilua turengista 👍jenkkiautoja ja mersui sekä Ladoja harrastava 
perheenisäntä kuka syntynyt -74
 tässä minun meili osoite jos haluat ottaa yhteyttä minuun
ranereijagarage@gmail.com

minulla on myös tiktok tili linkki alla...
https://www.tiktok.com/@tube_keijo

lehtijuttu minusta niin tiedän kuka olen..linkki alla..
https://www.lansivayla.fi/paikalliset/5712263

  jos haluat tukea toimintaa niin on kanava jäsenyys .
 itse olen työkyvyttömyys eläkkeellä  😥

laita meiliä tai messengerillä : Rane tube-keijo peltomäki  👍👍👍 
 
Keijolla on myös toinenkin kanava missä drone videoita ja muuta videoita ja sen linkin laitan tähän alle ja kiitos että katsoit keken videoita/videota    2 kanavan linkki tässä..

https://www.youtube.com/channel/UCI7YPhM0ELWeHu_-n4utFDw
  
tube-keijo fanituotteet löytyy     http://www.tube-keijo.fi

pitäkää itsestänne ja toisistanne huolta...
",7080,1897,3991255,"Vehicle,Lifestyle_(sociology)"
UCCRjESNsHoK3LuWd-PrQrsg,Samulin Matkassa,"🇫🇮 Videoita erityyppisistä reissuista Suomen luonnossa ja muusta mitä mieleen sattuu juolahtamaan. Tsekkaa myös insta ja facebook, joissa toisinaan reaaliajassa sen hetkiset maisemat.

Matkassa mukana:
Samuli Kiiveri
Olli Pietilä
Tuomas Manninen (kuvaus & editointi)
---
🇬🇧 We do videos mainly in Finnish nature on trekking and fishing but also on what ever we come up with. Check out also our instagram and facebook for more realtime posts.

Crew:
Samuli Kiiveri
Olli Pietilä
Tuomas Manninen (cinematography & editing)

Contact: adventurefilms@gmail.com
",6790,48,4485925,"Hobby,Lifestyle_(sociology),Pet"
UCy7_pjOtVhCa4EqAqamZZXw,旅攝Henry Lo,"土生土長香港人，熱愛旅遊醉心攝影；走遍全球7大洲，遊歷世界三極，踏足過全球超過70個國家及600多個城市，擅長用影像為他紀錄每一個在旅程上探索過的動人故事。
Henry 於 2012年中開始在Facebook 創立「旅．攝」專頁，透過動人照片及旅遊文章，發放正面能量，至今Facebook 及IG追隨者超過14萬人；亦於香港各報章雜誌及網上中英文平台發表旅遊文章及攝影作品。亦曾多次被旅行社，本地傳媒及私人機構邀請，作為旅遊及攝影講座之講者。
於2017年，成立慈善機構「種子行動」，深信「旅遊就是教育」，擴闊香港新一代的視野。",6780,76,229463,"Lifestyle_(sociology),Tourism,Hobby"
UCtuSVlea3mQtl3sL3isC-cQ,Katariina Perkonoja,"Moikka! Mun nimi on Katariina, tunnetaan myös lempinimellä Katski. Tällä kanavalla jaan kattavasti omia kokemuksiani luonnossa liikkumisesta aina ruokaresepteihin ja varuste-esittelyihin. Innostuin vaeltamisesta vuonna 2019, joten kovin kokenut retkeilijä en vielä ole, vaikka kilometrejä onkin jonkin verran ehtinyt pidemmiltä reissuiltani kertyä. Teen videot suomeksi, mutta tarjoan myös englanninkieliset tekstitykset kansainvälisille katsojille. Nautitaan yhdessä luonnosta!

Hello! My name is Katariina, also known as Katski and my trail name is Deadlift. On this channel, I share my own experiences of moving around in nature, all the way to backpacking recipes and equipment introductions. I try my best to provide English subtitles and the video title and description should be visible to you in English when the subtitles are available. Let's enjoy nature together!",6690,58,928018,"Hobby,Lifestyle_(sociology),Tourism"
UCCWOK3vK9-6ayLQZTOcHNHw,Photography by Petrova ,"Based in South Florida, I am a professional travel, landscape and climate change photographer.  I am passionate about conservation and climate change photography, and creating impactful captures  through my passion project- www.shuttershocktheproject.com

This channel is dedicated to the ART and TRUTH of the ‘CAPTURE’- subscribe to learn not only how to become a better photographer, but also how to become more deeply INSPIRED by the beauty of the landscape and INVOLVED in preserving the beauty of the natural world around you. Learn how to fully and creatively express yourself more authentically in your images, as you travel the world alongside me and my lens- making beautiful photographic ART. Explore my biggest passion- the environment- as I investigate the impact of one of our generations biggest issues-climate change-and how it effects us all,  as I try to capture the impact of it through the power of a photograph. 

COMING SOON: Photography Education Videos for Kids and Adults


",6640,90,107528,"Hobby,Lifestyle_(sociology),Tourism"
UCvcrx10XaRu3_rP2nHHXtCQ,SkyBlue Disc Golf,"Disc Golf Media from Northern Finland since 2015!

https://www.patreon.com/skybluediscgolf/
https://www.facebook.com/skybluediscgolf/
https://www.instagram.com/skybluediscgolf/
http://www.skyblue.fi/
",6440,251,1797720,"Hobby,Lifestyle_(sociology)"
UCThu0-oxGuilObrm69lNdIg,Kenttätalli TähtiKavio,"Moikka, ja tervetuloa kanavalleni 🤍 Ihanaa, että olet löytänyt tänne. Kenttätalli Tähtikavio on vuonna 2018 perustettu tällä hetkellä 13 hevosen keppihevostalli, joka pitää aktiivisesti tunteja ja valmennuksia ✨
-
Oman youtubekanavani perustin vuonna 2020, ja siitä kanava on lähtenyt nousuun 😍 Kuvaan keppihevosia ja teen niistä videoita. Kanavalleni kuvaan kaikenlaisia videoita keppihevosiin liittyen, hyppää mukaan ja tutki mitä kanavani pitää sisällään! 🫶🏻
-
SOMET:

https://msha.ke/kenttatalli.tahti.kavio",6430,140,919149,"Pet,Lifestyle_(sociology)"
UC6Xai82XuTqRCVklRCDJYKA,Longclaw Adventures,"Tavallisen kaverin ulkoilmaseikkailuja ja vaellusopastusta! 🏕
Katso tulevan kauden vaellukset osoitteesta: https://www.vaellukset.fi/ 
Outdoor adventures of an average guy.
Ulkoilua / Vaellusta / Varusteita / Ruokaa
Suomi, Finland

Olen koulutettu Erä- ja Luonto-opas ja järjestän ohjattuja vaelluksia pääsääntöisesti Lapissa. 

Seuraa myös Instagramissa: https://www.instagram.com/longclaw_adventures
Yhteydenotot, opaspalvelut ja yhteistyökuviot, katso sähköposti alta.
",6360,73,537674,"Hobby,Lifestyle_(sociology),Tourism"
UCiBacuBfpXWx1kS2KeKV3HQ,Dragonfly Erävideot,"Dragonfly Erävideot tarjoaa aitoja jahtivideoita metsästysmailta & kalavesiltä! Kaikki videot ovat nähtävillä ilmaiseksi Dragonfly Erävideot Youtube -kanavalla.

Uusien videoiden tuotanto loppunut.


Hyviä katselukertoja toivottaa,
Dragonfly Erävideot porukka",6310,72,1266870,"Hobby,Lifestyle_(sociology)"
UCQUTl9Pa7x4HYkBJix2sXKA,Markus ja Saara Atula,"Olemme Markus ja Saara Atula ja teemme vaelluksiltamme ja retkiltämme videoita. Kanavan pääasiallinen sisältö tulee olemaan Pohjoismaihin sijoittuvia vaellusvideoita kaikkina vuodenaikoina höystettynä maukkaalla retkiruoalla ja laadultaan vaihtelevalla höpinällä. Myös elokuvamaisempia luontofilmejä saattaa ajoittain tulla. Yleensä liikutaan jalkaisin, mutta talvella myös hiihtäen ja kesällä välillä kajakeilla. Tervetuloa mukaan!",6280,39,696014,"Hobby,Lifestyle_(sociology),Tourism"
UCncpxTSd0zkLng1g0QAoewg,Heikki Makes,"Videoita puuntyöstöstä, itse tehtyjä juttuja verstaalla, kotona ja mökillä. Videot saattaa olla sisällöltään myös jotain muuta kuin puujuttuja. Metallia ja muoviakin on jossakin projektissa mukana.

Kameran takana heiluu kahden tytön isä ja yhden vaimon mies nimeltään Heikki. Harrastelu on alkanut joskus 90 -luvulla huonekalujen tekemisellä ja vanhojen mööpeleiden kunnostuksella.

Jos haluat laittaa mulle postia tai ehdottaa jotain kaupallista yhteistyötä, nakkaa ensin sähköposti heikkimakes@gmail.com . Annan sitten muita yhteystietoja.
",6080,872,3068777,"Lifestyle_(sociology),Hobby"
UCIe90O1eRceDuSn6mBkxwSQ,Keloja Luonnosta,"Hiiohei ulkoilma- ja retkeilyihmiset! Keloja Luonnosta kanavan aiheina: Retkeily, vaellus, retkiruoka, retkeilyvarusteet, retkikohteet, retkeilyvinkit ja -etiketti, joiden ympäriltä pyrin rakentamaan tunnelmallisia tarinoita sekä reissukertomuksia.

Sähköposti: kelojaluonnosta@gmail.com",6040,189,963122,"Tourism,Lifestyle_(sociology),Hobby"
UCdeZ_RTGm59oLHZVnHYHVSg,thisisFINLANDtube,"Official and not-so-official videos about Finland and the Finns.

ThisisFINLAND.fi – things you should and shouldn't know.",5860,343,1005053,Lifestyle_(sociology)
UCTIF2PsJOYoPK9AI9QvOycQ,Oscar Sebastian,"Yhteydenotot / Yhteistyöt: 

Instagram: instagram.com/oscarsebastianofficial
Yhteistyöt: oscarsebastianofficial@gmail.com

",5760,199,1085898,"Ice_hockey,Sport,Lifestyle_(sociology)"
UChqBVvX3faw5Saf_6aBmDnQ,Pelkkää Alamäkeä,"Olen Janne, erityisesti alamäkeen tapahtuvasta maastopyöräilystä innostunut neljäkymppinen vantaalainen. ""Pelkkää Alamäkeä"" on YouTube kanavani. Kanavan sisältö on maastopyöräilyyn liittyviä videoita: visiittejä bike parkkeihin, kokemuksia kilpailemisesta ja kehittymisestä, henkilöhaastatteluja ja pientä pyörän tuunaamista. Tällä hetkellä ajossa on Mondraker Summum R, sähköpyörä Mondraker Neat R sekä dirt jumper Commencal Absolut Dirt.

Tällä kaudella sponsoreinani on BikeWorx, Hi5Bikes, Leatt, Maxxis ja NoSht!

Jos sinulla tai yritykselläsi/brändilläsi on mielessä yhteistyökuvioita kanavani kanssa, laita rohkeasti viestiä pelkkaa.alamakea@gmail.com !
",5720,296,1322482,"Vehicle,Lifestyle_(sociology),Sport"
UCYRygQVy_muqXYnMt25VBJQ,Niko Pikkuaho,Erämyksiä kaikille!,5650,43,1445604,"Hobby,Lifestyle_(sociology)"
UCQVD31tNHT3-dLfBFogV0Aw,Esan Erä ja Luonto,Tervetuloa ulkoilmakavanalleni. Kanavalla liikutaan ulkona retkeillen ja kalastaen. Kanavalla testataan myös erilaisia aiheeseen liittyviä asioita ja tarvikkeita.,5610,159,1197078,"Tourism,Lifestyle_(sociology),Hobby"
UC-fMaGF3Cli5K2H9g6s02VQ,Senioritubettaja,"Olen caravan aiheisten videoiden Yuo Tube ajan pioneeri ja tuottanut materiaalia YouTubeen reilut seitsemän vuotta ,vaan ei suotta. 2017 aloitettu caravan ja matkailu videoiden tuottaminen käsittää nyt yli 700 videon kokonaisuuden monena eri sarjana.
Soittolistoilta katsoja voi selailla videoita maittain ja sarjoittain.
Kanavalla on yli 5300 tilaajaa ja videoita on katsottu liki 2 miljoonaa kertaa.
Tämä on liikkuvien henkilöiden matkakatalogi kanava,tervetuloa mukaan ja matkaan.
Tilaa kanava niin pysyt reissuilla parhaiten kyydissä.
1.Euro Road Trip 2017 oli ensimmäinen sarja ja matka jatkuu ............               
   

 
   
",5540,751,1906581,"Tourism,Lifestyle_(sociology)"
UCAKoCx1Zcabp-dyp17dMY5g,Jarcce,"Outdoorlife and photography in Ranua, Finnish Lapland✌️😎
Photo and videoproductions


collabs: info@jarcce.fi
tiktok.com/@jarcce
instagram.com/jarcce
www.jarcce.fi

",5310,124,1101235,"Hobby,Lifestyle_(sociology)"
UC_wCE-Cg93kRDlZlhl4CZDA,Camilla Fjäder,"Slow countryside living, old house renovation and art business in Finland.",5100,133,671580,"Hobby,Lifestyle_(sociology),Pet"
UCSqIm2Ql3Fd0XL-dqnecc5Q,Jalmari Siili,"Oho! Ai tänne satuit vilkasemaan! No tilaa ihmeessä kanava ja tuu peremmälle. Löydät luultavasti ainakin jotain mitä muualta et.

Täällä voi tulla vastaan ruokavideoita, my day -videoita, legovideoita, näennäisiä haasteita, asiavideoita asialla tai ilman, mielipidevideoita, matkavlogeja, tavallisia vlogeja, epätavallisia vlogeja sekä satunnaisia yllätyselementtejä kaikkiin edellä mainittuihin liittyen. 

Kiitos, anteeksi ja tervetuloa!",5000,1231,2019645,Lifestyle_(sociology)
UC1Q1sYCecNIW5ie2WgndjAQ,Ekivaanari,"Videoita ja kuvia matkoista matkailuautolla, elämästä matkailuautossa, ulkoilusta, patikoinnista, geokätköilystä, sekä ruoan valmistamisesta, kokkailusta ja sen nauttimisesta.",4970,383,1935053,"Food,Lifestyle_(sociology),Tourism"
UCMchIvEhfzrGVMWeFlgZwnw,Hobo Sapiens,"HOBO SAPIENS
Road trip, vanlife, valokuvaus, retkiruoka ja hyvä kahvi. Siinä tämän kanavan rakennusaineet.

Yhteistyötä? Ota yhteyttä kimohman@gmail.com

 https://hobosapiens.fi
https://www.instagram.com/hobosapienskimohman
https://www.kimohman.com
https://www.tiktok.com/@hobosapienskimohman
",4850,165,541446,"Food,Lifestyle_(sociology),Tourism"
UCxic3q7IbcN3Leh1P9rH7aQ,Heart My Backpack,"Documenting my world travels through over 80 countries as well as setting up a life here in Tromsø in Northern Norway! Subscribe for more about LIFE IN NORWAY, TRAVEL OFF THE BEATEN PATH, and the BEST PLACES TO VISIT IN NORWAY. Or you can read more on my blog:  https://www.heartmybackpack.com/",4770,44,582853,"Tourism,Lifestyle_(sociology)"
UCv2Tl3tsS-nnBa-tS2b8cXg,Erämaiden Kulkijat,"Tuotamme erävideoita kainuun maisemissa, tuoden esille erilaisia metsästys- ja kalastusmuotoja. Esittelemme videoillamme myös käyttämiämme uutuustuotteita. 

Jos olet kiinnostunut yhteistyöstä, ota yhteyttä: eramaidenkulkijat@gmail.com",4670,85,801420,"Hobby,Lifestyle_(sociology),Pet"
UC2vNXAWE1codE7i75Nah7Og,Juuso Simpanen,"Olen Juuso ja teen videoita elämästäni - ruokavaliosta, treeneistä, polku -ja ultrajuoksukisoista ja milloin mistäkin.",4540,199,647131,"Health,Lifestyle_(sociology),Sport"
UCcIruWpSNdK2tkoOncOrJGg,Jouni Ohtamaa,"Jouningalleriassa esitän tekemiäni luontodokumentteja tai muuta luontoon ja retkeilyyn liittyvää ohjelmaa. Sähköposti [jouni.ohtamaa(ät)gmail(.)com]
Here I'll show've made nature documentaries or other wildlife, and hiking related documents. Email [jouni.ohtamaa(#)gmail(.)com]",4390,109,1754313,"Hobby,Lifestyle_(sociology),Tourism"
UC6o98Y6Le6LTlMRyBwN4L4w,Caj Koskinen,"I just love to spend my time in nature and outdoors. Most of my videos are filmed on my hiking trips. I'm also a professional content creator and working at Scandinavian Outdoors. 
WWW.Hutkai.fi  -  Photographs and Blog.",4380,215,689884,"Hobby,Lifestyle_(sociology),Tourism"
UCUVNM_WkqQWq8qnffI3cGow,PS Camper-Tours,"Hallo,

wir sind Peggy und Stefan und gemeinsam sind wir PS Camper-Tours.

Anfang 2018 hat uns eine Reisemesse mit dem Camper-Virus infiziert und nicht mehr losgelassen.
Wir haben einen VW Crafter mit viel Liebe zum Detail zum Camper ausgebaut. Nachdem er fertig war, haben wir festgestellt, dass er mit zwei Kleinkindern zu wenig Platz bietet und kurzer Hand verkauft 😅🤯. Nun sind wir auf einen Sunlight A68 umgesattelt. Mit diesem und unseren beiden Kindern wollen wir 
Vollzeit in Europa auf Tour gehen. Wir freuen uns wenn ihr dabei seit 🙂.

Und da wir auf YouTube so viele Ideen und Tipps sammeln durften, möchten wir gern etwas auf unserem Kanal zurückgeben.

Folgende Themen dürft Ihr erwarten:
- Reisen mit dem Wohnmobil 
- Reisen mit Baby und Kindern
- Technik rund um den Camper
- Selbstausbau eines Campervans



Impressum: Ihr erreicht uns jederzeit unter ps.camper.tours@gmail.com
Aufgrund der Privatsphäre geben wir hier keine Adresse und Telefonnummer an.",4300,116,806464,"Lifestyle_(sociology),Tourism"
UCrJygwIZvCQXOgYrwNlkqxA,kalliopoika,"Luonto, erä ja vaellusvideot löytyy Kalliopoika Youtube kanavaltani. Paljon videoita Urho Kekkosen Kansallispuistosta Saariselän erämailta. Quality Videos in this channel: SONY AX100E 4K video/ Hero 11 Black ja Insta360 OneX2.",4230,4896,2839553,"Hobby,Lifestyle_(sociology),Tourism"
UCkb1Oplb-s4zKul_tLdh3hg,Raaka - Janne,"Eräaiheinen kanava. Tervetuloa seurailemaan. Kanavalta löytyy eri aihealueita.
- Kanavan suosituimmat videot ovat vaellusvideoita ja niihin myös panostan eniten. Vaeltamaan ei kuitenkaan valitettavasti jouda määräänsä enempää.
- Vaellusvideoiden lisäksi löytyy videoita pienemmiltä retkiltä.
- Kanavalla on myös videoita varusteista, vaatteista, ruuista ja retkeilijän taidoista.
- Vaellusturinoita -videoilla kerron aiemmista vaelluksistani, ennen kuin olen alkanut videoimaan seikkailujamme.
- Raaka-Ranch on isäni omistama tilus, jossa olen tehnyt metsätöitä lapsesta lähtien. Nykyään paikalta löytyy erilaisia rakennelmia ja hasiendalle on mukava mennä vain viettämään aikaa.
- Raakoja aatoksia on vähemmän retkeilyyn liittyvä, enemmän pohdiskeleva. Kannatan tervettä elämää, johon hyvin oleellisesti kuuluu terve järki. Raataillaan tämän pohjalta.

Kyssäreitä voi iskeä videoiden kommentteihin tai jos on jotain isompaa avautumista niin sähköpostiin.
raaka.janne@gmail.com",4090,47,605061,"Tourism,Lifestyle_(sociology),Hobby"
UCL3FIWsy3X05kyVUvMYREZQ,Kosmate Szlaki,"Vanlife, podróże, przygoda.

Jesteśmy parą z Dolnego Śląska, która z perspektywy dwóch kółek, kajaka i kampera poznaje Polskę, Europę i Świat. 
Towarzyszem wypadów, w szczególności  pieszych wędrówek  - jest nasz pies, Gaja. 

To co daje nam szczęście i radość to przede wszystkim obcowanie z naturą, poznawanie nowych miejsc, ludzi, obyczajów. Dlatego zdecydowaliśmy zostawić nasze stacjonarne prace i dotychczasową codzienność na poczet podróżowania.  

Chcąc podzielić się naszymi wrażeniami, zachęcić do aktywnego spędzania czasu, zainspirować (jeśli szukasz pomysłu na wycieczkę) zapraszamy na nasz kanał. Mamy nadzieję, że nas ""polubisz"", zasubskrybujesz i pozostaniesz na dłużej. 

Baw się dobrze:)

",4020,101,305523,"Tourism,Lifestyle_(sociology),Hobby"
UCgHkneJS4-DwPWzXv_z3Czw,Jesse Kallio,"Moikka, mun nimi on Jesse Kallio. Harrastuksiini kuuluu vahvimmin vaeltaminen, valokuvaus, kiipeily, maastopyöräily, alamäkipyöräily, kitaran soitto sekä lautailulajit. Noin vuosikymmen sitten tein ensimmäiset isot vaellukset yksin pohjoiseen Suomeen sekä Ruotsiin. Lumoavat maisemat, vuoret, metsät, rauhallisuus, revontulet, haasteet sekä leirinuotiot tekivät minusta vieläkin intohimoisemman ulkoilijan. Nykyään valokuvien lisäksi tulee tehtyä myös retkeilyyn liittyviä videoita. Tervetuloa kanavalleni seuraamaan vaelluksiani. Valokuvia löydät instagramista nimellä jesse.kallio",3770,52,282533,"Tourism,Lifestyle_(sociology),Hobby"
UCebFMxwN1rsnG4EhGq3Sxbw,Elina Hovinen,"Moi!

Tämän tilin takana häärii Elina ja Rami Hovinen. Julkaisemme pääasiassa retkeily- ja vaellusvideoita luontoseikkailuiltamme. Aloitimme yhdessä vaellus- ja retkeilyharrastuksen vuonna 2015, jolloin löysimme toisemme. Luonnosta on tullut meille koko ajan tärkeämpi paikka, jonne menemme mieluiten lataamaan akkuja, rentoutumaan ja viettämään aikaa toistemme kanssa.

Lisää retkisisältöjämme löydät Instagramista osoitteesta https://www.instagram.com/elina.hovinen/ tai blogista osoitteesta https://endorfiinikoukussa.com/category/vaellusretkeily/

Tervetuloa meidän mukaan luontoon! Tervehdi ihmeessä, jos tulemme poluilla vastaan. 😊
",3630,33,675328,"Hobby,Physical_fitness,Tourism,Lifestyle_(sociology),Health"
UCoPZwpTSuPHzvJjKnkSF99Q,Kullanhuuhtoja Jomsa,"Kullanhuuhtoja Lapista 30 vuoden kokemuksella. Tule mukaani etsimään Lapin Legendaarista Kultaa!

Kullanhuuhdonta on upea harrastus ja elämäntapa sen taustalla on jotain mitä haluan jakaa muillekin. Yritän ylläpitää wanhojen kullankaivajien, osan joiden kanssa olen saanut jopa kunnian puhua lapsena, henkeä yllä. Huuhdon, etsin ja hengitän kultaa. Tämä aikuistubetus on tullut tässä omien toimien dokumentaation ohella.

Tuotan materiaalia kesäisin ja oletankin, että myös te olette silloin pääasiassa ulkona seikkailemassa, joten en julkaise juurikaan materiaalia kesäisin. Syksyn saapuessa kumminkin alkaa tunnelma nousemaan. Yritän julkaista muutaman videon kuussa yleensä.

Joten kurkkaappa kanavaa ja muista tilata kanava mikäli kullanhuuhdonta elämäntapana kiinnostaa.
Kanava tunnettiin aiemmin nimellä JomsaTube.",3330,328,952665,Lifestyle_(sociology)
UChfJAvr2wZiyDbtsGVcKOsA,J.kummala,"
Oon sekatyömies, käsityöläinen ja monenlaisen luovan työn tekijä. 
Arki sekottuu sopivasti työn kans pitäen sisällään laajasti monenlaista. Pääpainona suunta kohti omavaraisempaa ja yksinkertaista elämää. Jospa voin tarjota sinulle hyödyllistä, mielenkiintosta ja eniten toivon, että kannustavvaa, inspiroivaa ja rohkasevvaa materiaalia, sekä mahollisesti yhteistyötä työni tai harrastusteni puitteissa..

Yhteystiedot:
Janne Kummala 
janne.kummala@hotmail.com
0400717289",3170,39,563302,"Lifestyle_(sociology),Hobby"
UC7kmZinZj2h9L5-NsNMb--A,Astraalilaama,"Videoita veneretkiltä, sähköfillareista, moottoripyöräilystä, Suomen Lapista ja kaikkea muuta kivaa!
",3020,280,722212,"Lifestyle_(sociology),Hobby"
UCyx8ex0kLVNYGmSnlcONDiQ,Viima ulkona,"Moikka!
Mun nimi on Viima Nikita Välimaa ja olen muunsukupuolinen 27-vuotias eräopas ja retkeilyvarustemyyjä.  Jaan täällä videoita retkistä ja vaelluksistani. Tervetuloa mukaan!

Minuun saa parhaiten yhteyttä sähköpostissa ja Instagramissa:

nikitavalimaa@gmail.com
@viima_ulkona",2960,39,328778,"Hobby,Lifestyle_(sociology),Tourism"
UCSbSlu_tEwkzSYT1XR6dnnA,Sammaleisetpolut,"Ulkoilua ja retkeilyä eli ulkoilmaelämää!
Tervetuloa mukaan retkeilemään ja ulkoilemaan. Tutustutaan eri luontokohteisiin ja luontopolkuihin; isoihin ja poluista pienimpiin. Käydään myös kalassa, joilla ja järvillä. Etsitään metsän antimia, käydään sienestämässä ja marjastamassa. Talvella hiihdellään pitkin metsiä ja etsitään ""talven henkeä"". Retkillä saattaa kuvissa vilahtaa Australianterrieri Rane. Mukana matkassa myös joskus vierailevia tähtiä. Voi olla, että kanavalle ilmestyy myös urheilu- tai valmennusaiheisia videoita, niitä ei kannata säikähtää, sisältö tulee olemaan pääasiassa kuitenkin ulkoilua ja retkeilyä.
Pyrkimyksenä aitous,"" ykkösellä purkkiin"" ajatuksella :) 
Nauru pidentää ikää, tekemällä oppii ja oppia ikä kaikki!
Instagramissa löydät myös @sammaleisetpolut 

",2810,186,518708,"Hobby,Lifestyle_(sociology),Tourism"
UCITuIFItrLMDpI44cjB1c_w,Resupekka,"Tervetuloa kanavalle!

Tarinoita pyöräilyn ystävältä pyöräilyn ystävälle! 
Stories from a cycling enthusiast to fellow cycling enthusiasts!

#bikepacking #gravelcycling #retkipyöräily #maastopyöräily #soratiepyöräily #adventurecycling

-Pekka Lintusaari
",2740,42,194426,"Hobby,Sport,Tourism,Lifestyle_(sociology)"
UCkNYkqZmtZp7ZnPAhdC-9tQ,Kultaistapakuelämää,"- Seikkailuja matkailuautolla -
Me ollaan Marika ja Petri. Matkailua rakastava pariskunta, joka nauttii luonnosta ja kauniista maisemista. Meistä on ihana tutustua uusiin paikkoihin, nähdä ja kokea asioita.  Reissataan matkailuautolla Suomessa ja ulkomailla. Rakastetaan kesää ja vettä ympärillämme.  Yleensä löydämmekin itsemme yöpymästä veden ääreltä. Mukana reissuilla kulkee kultainennoutaja Maisa. Nella katselee meidän reissuja nyt pilven reunalta. ",2590,110,352431,"Lifestyle_(sociology),Tourism"
UCL7_aceRaGefu63hMEi9-mQ,Mikael Pursi,Arctic adventures!,2530,32,181027,"Hobby,Lifestyle_(sociology),Tourism"
UCafr-brvPH5blLgxN6YhQkg,Alanko ulkoilee,"Alangon Mika tässä terve. Tältä kanavalta löydät maastopyöräilyä kesällä ja talvella. Talvikausi liikutaan pääosin fatbikellä ja kesällä mukaan tulee myös bike park ja endurohenkinen ajaminen metsälenkkien lisäksi. Satunnaisesti myös pyörän huoltoa ja jotain tekniikkavinkkejä. Tekniikkavinkit lähinnä oman harjoittelun kautta. Maastopyöräilyn aloitin vasta kolmenkympin rajapyykin ylittämisen jälkeen, jos ei lasketa mukaan satunnaisia koitoksia 90-luvulla.
Tervetuloa mukaan ja toivottavasti innostut itsekin lähtemään kokeilemaan uusia asioita!

Yhteydenotot ja yhteistyöehdotukset ovat tervetulleita ja löytävät parhaiten perille sähköpostilla osoitteeseen alanko.ulkoilee@gmail.com",2480,211,511225,"Vehicle,Sport,Hobby,Lifestyle_(sociology)"
UC9X7PDnCgOMtG2JKJfiBqzQ,Kesaloma Kairassa,Kesäloma Kairassa oli 64 päivän ja 1400 kilometrin patikointi- ja melontavaellus Lapin laitamilla kesällä 2020. Tervetuloa seuraamaan seikkailuamme! ,2460,8,139331,"Tourism,Lifestyle_(sociology),Hobby,Sport"
UCTr1e2tBrSdjJ1oxFAAF7iQ,Itkonen,"Videoita juoksutapahtumista, treeneistä, reissuista ja retkiltä.

Hyppää kyytiin ja paina kanava tilaukseen!",2420,330,474430,"Hobby,Lifestyle_(sociology)"
UCF1vPSRtGiUFn7I6ZSdkRMw,tannejarvainen,"Wannabe eräjorma ja luontokuvaaja. Retkiä Pohojammaalta aina Lapin tuntureille asti, kaikkina vuodenaikoina. Joka kuukausi on pakko päästä ulkona yöpymään. Luontokuvailua ja kalastelua harrastan luonnossa liikkumisen lomassa tilanteen mukaan. Matkaa taitan useimmiten jalan, kanootilla tai suksilla. Instagramissa julkaisen myös aktiivisesti sisältöä.
Videoiden lopussa yleensä pilalle menneitä otoksia.
Luonto- ja eräilykuvia.  www.instagram.com/tannejarvainen 
tanne jarvainen
Janne Tarvainen",2340,125,278684,"Hobby,Lifestyle_(sociology),Tourism"
UCFpswDphdZ-6wu4GqWZ-JBA,Jouni Riihelä,,2190,21,299201,"Lifestyle_(sociology),Hobby,Tourism"
UCCUKP17bb2mGPdYg6ZJwtPg,All About Lapland,All you want to know about Lapland!,2180,375,507994,"Lifestyle_(sociology),Tourism"
UC4-22D_nsgCiuCgmgB3xl4w,Otso Production,,2030,23,239541,"Hobby,Lifestyle_(sociology),Tourism"
